Wavelength	Intensity
178.168610	50.240359
178.386076	0.000000
178.603534	0.000000
178.820983	0.000000
179.038423	0.000000
179.255854	0.000000
179.473276	2.817645
179.690689	0.000000
179.908093	88.716257
180.125489	0.000000
180.342875	18.305184
180.560253	7.150233
180.777622	34.833803
180.994982	47.838765
181.212333	13.897912
181.429675	0.000000
181.647008	0.000000
181.864332	24.702836
182.081647	0.000000
182.298954	0.000000
182.516251	0.000000
182.733540	0.000000
182.950819	75.669004
183.168090	0.000000
183.385352	0.000000
183.602605	0.000000
183.819849	54.943669
184.037084	0.000000
184.254310	0.000000
184.471527	7.789998
184.688735	0.380058
184.905934	4.841319
185.123124	49.787754
185.340306	58.109202
185.557478	69.960606
185.774641	6.194634
185.991796	74.248203
186.208941	0.000000
186.426078	0.000000
186.643205	187.409275
186.860324	28.006041
187.077434	57.735781
187.294534	69.812138
187.511626	0.429548
187.728709	0.000000
187.945782	24.556167
188.162847	0.000000
188.379903	92.635831
188.596950	0.000000
188.813987	0.000000
189.031016	119.721928
189.248036	0.000000
189.465047	0.000000
189.682048	65.239301
189.899041	0.000000
190.116025	64.582439
190.333000	0.000000
190.549965	71.257233
190.766922	0.000000
190.983870	56.946647
191.200808	38.637302
191.417738	109.634152
191.634659	79.406817
191.851570	22.277847
192.068473	100.303117
192.285367	18.477947
192.502251	29.710282
192.719127	115.496418
192.935993	21.697469
193.152850	12.365534
193.369699	0.000000
193.586538	0.000000
193.803368	0.000000
194.020190	0.000000
194.237002	5.818513
194.453805	56.965543
194.670599	0.000000
194.887384	0.000000
195.104160	33.849410
195.320927	0.000000
195.537684	0.000000
195.754433	0.000000
195.971173	15.076663
196.187903	14.395507
196.404625	0.000000
196.621337	0.000000
196.838040	81.960479
197.054735	28.201300
197.271420	24.409498
197.488096	44.324105
197.704763	0.000000
197.921421	71.869104
198.138069	0.000000
198.354709	0.000000
198.571340	5.912093
198.787961	0.000000
199.004573	30.015318
199.221177	42.338223
199.437771	22.156373
199.654356	28.811371
199.870931	11.324454
200.087498	95.676291
200.304056	0.000000
200.520604	0.000000
200.737144	0.000000
200.953674	23.116471
201.170195	120.440876
201.386707	54.881582
201.603210	0.000000
201.819703	1.973623
202.036188	0.000000
202.252663	0.000000
202.469130	0.000000
202.685587	9.112719
202.902035	0.000000
203.118473	0.000000
203.334903	0.000000
203.551323	20.860646
203.767735	35.954067
203.984137	58.561807
204.200530	37.398263
204.416913	11.670881
204.633288	142.909145
204.849653	0.000000
205.066010	58.080408
205.282357	12.160378
205.498695	20.256873
205.715023	6.499670
205.931343	4.637062
206.147653	0.000000
206.363954	0.000000
206.580246	5.566566
206.796529	0.000000
207.012802	0.000000
207.229067	14.204747
207.445322	12.401527
207.661568	0.000000
207.877804	14.048180
208.094032	36.911466
208.310250	8.224606
208.526459	25.334503
208.742659	19.316571
208.958849	6.536562
209.175031	6.570755
209.391203	0.000000
209.607366	0.000000
209.823519	48.952730
210.039664	0.000000
210.255799	0.000000
210.471925	0.000000
210.688041	69.141779
210.904149	25.770012
211.120247	0.000000
211.336336	24.642549
211.552416	47.049631
211.768486	0.000000
211.984547	65.067437
212.200599	70.658859
212.416642	37.616017
212.632675	35.907277
212.848699	65.907860
213.064714	0.000000
213.280719	0.000000
213.496716	15.464482
213.712703	0.000000
213.928680	15.014577
214.144649	0.000000
214.360608	3.182068
214.576558	22.385824
214.792498	0.000000
215.008429	24.910693
215.224351	51.115875
215.440264	88.410321
215.656167	19.567618
215.872061	0.000000
216.087946	73.904476
216.303821	82.728018
216.519687	0.000000
216.735544	0.000000
216.951392	31.850031
217.167230	0.168603
217.383059	24.716334
217.598878	3.838930
217.814688	43.229935
218.030489	27.125126
218.246280	0.000000
218.462063	13.987893
218.677835	16.274311
218.893599	0.000000
219.109353	0.000000
219.325098	53.663238
219.540833	17.091339
219.756559	46.994742
219.972276	0.000000
220.187983	51.682755
220.403681	0.000000
220.619370	0.000000
220.835049	26.443970
221.050719	68.169983
221.266380	13.018797
221.482031	0.000000
221.697673	0.699491
221.913305	55.832681
222.128928	14.147159
222.344542	0.000000
222.560146	0.000000
222.775741	0.000000
222.991327	17.133630
223.206903	0.000000
223.422469	0.000000
223.638027	0.000000
223.853575	0.000000
224.069113	0.000000
224.284642	0.000000
224.500162	0.000000
224.715672	4.582173
224.931173	0.000000
225.146665	2.501811
225.362147	10.943834
225.577619	0.000000
225.793083	8.009552
226.008536	30.065707
226.223981	0.000000
226.439416	80.784427
226.654841	0.000000
226.870257	0.000000
227.085664	20.695980
227.301061	92.499960
227.516449	0.000000
227.731827	2.499112
227.947196	2.349743
228.162556	0.000000
228.377905	0.000000
228.593246	82.857591
228.808577	0.000000
229.023899	0.000000
229.239211	31.776247
229.454513	63.194931
229.669807	0.000000
229.885090	68.192479
230.100365	0.000000
230.315629	0.000000
230.530885	0.000000
230.746130	0.000000
230.961367	0.000000
231.176594	0.000000
231.391811	61.773230
231.607019	40.714965
231.822217	0.000000
232.037406	93.854175
232.252586	10.897044
232.467755	0.000000
232.682916	0.000000
232.898067	99.860410
233.113208	61.069579
233.328340	0.000000
233.543462	36.594732
233.758575	28.189602
233.973679	0.000000
234.188772	0.000000
234.403857	0.000000
234.618931	0.000000
234.833997	115.331752
235.049052	0.000000
235.264098	42.297731
235.479135	32.460103
235.694162	0.000000
235.909180	14.011288
236.124188	69.367631
236.339186	54.866285
236.554175	0.000000
236.769154	49.188480
236.984124	9.276485
237.199085	49.322552
237.414035	0.000000
237.628976	105.175591
237.843908	0.000000
238.058830	14.278532
238.273742	0.000000
238.488645	101.567351
238.703539	0.000000
238.918422	65.284291
239.133296	0.000000
239.348161	17.272201
239.563016	0.000000
239.777861	0.000000
239.992697	0.000000
240.207523	0.000000
240.422340	0.000000
240.637147	0.000000
240.851944	0.000000
241.066732	59.831439
241.281511	0.000000
241.496279	0.000000
241.711038	14.453095
241.925788	4.481395
242.140527	27.790986
242.355258	0.000000
242.569978	108.712746
242.784689	0.000000
242.999390	0.539325
243.214082	0.000000
243.428764	83.036653
243.643437	64.134333
243.858099	89.464899
244.072752	23.227147
244.287396	0.000000
244.502030	26.152431
244.716654	0.000000
244.931269	0.000000
245.145874	131.973748
245.360469	155.052988
245.575055	0.000000
245.789631	0.000000
246.004197	0.000000
246.218753	96.173886
246.433300	0.000000
246.647838	58.692279
246.862365	0.000000
247.076883	0.000000
247.291392	9.998133
247.505890	91.396792
247.720379	0.000000
247.934859	95.284874
248.149328	0.000000
248.363788	0.000000
248.578238	0.000000
248.792679	42.243743
249.007110	28.006941
249.221531	7.924969
249.435942	0.000000
249.650344	51.854619
249.864736	11.988514
250.079118	53.858497
250.293491	0.000000
250.507854	0.000000
250.722207	43.770721
250.936551	3.911815
251.150884	26.232514
251.365208	0.000000
251.579523	0.000000
251.793827	0.000000
252.008122	0.000000
252.222407	62.573162
252.436683	0.000000
252.650948	55.616727
252.865204	40.551199
253.079450	56.148515
253.293687	51.402014
253.507914	0.000000
253.722131	0.000000
253.936338	0.000000
254.150535	0.000000
254.364723	0.000000
254.578901	0.000000
254.793069	54.471268
255.007227	37.544932
255.221376	0.000000
255.435515	129.772811
255.649644	37.427057
255.863763	0.000000
256.077873	21.139587
256.291972	87.735463
256.506062	0.000000
256.720142	0.000000
256.934213	53.016274
257.148273	66.529629
257.362324	0.000000
257.576365	0.000000
257.790397	0.000000
258.004418	120.399485
258.218430	132.222096
258.432431	15.799211
258.646423	43.061671
258.860406	37.831972
259.074378	2.084299
259.288341	0.000000
259.502293	60.303840
259.716236	14.269533
259.930169	55.591532
260.144093	0.000000
260.358006	38.965733
260.571910	0.000000
260.785804	6.924380
260.999687	104.884052
261.213562	10.263577
261.427426	81.310816
261.641280	0.000000
261.855125	27.781088
262.068960	0.000000
262.282785	53.154845
262.496600	2.639482
262.710405	0.000000
262.924200	5.725833
263.137986	53.569658
263.351761	0.000000
263.565527	0.000000
263.779283	0.154206
263.993029	21.946717
264.206765	0.000000
264.420491	35.602241
264.634208	1.827853
264.847914	56.620016
265.061611	0.000000
265.275298	40.472916
265.488974	0.000000
265.702641	0.000000
265.916298	72.737422
266.129946	0.000000
266.343583	0.000000
266.557210	0.208194
266.770828	45.838486
266.984435	66.487338
267.198033	0.000000
267.411621	64.789395
267.625198	86.347956
267.838766	58.634691
268.052324	0.000000
268.265872	0.000000
268.479411	34.903089
268.692939	0.000000
268.906457	0.000000
269.119966	75.652808
269.333464	53.822505
269.546952	125.220670
269.760431	0.000000
269.973900	65.407565
270.187358	139.913676
270.400807	63.478371
270.614246	14.671749
270.827675	26.925368
271.041094	4.440903
271.254502	22.036698
271.467901	34.745622
271.681290	161.909544
271.894670	132.008841
272.108039	25.050163
272.321398	37.923752
272.534747	28.203999
272.748086	20.042718
272.961415	5.721333
273.174734	108.289835
273.388044	101.842693
273.601343	189.863958
273.814632	81.056170
274.027911	78.915521
274.241181	88.503902
274.454440	189.274582
274.667689	89.959795
274.880929	153.647484
275.094158	0.000000
275.307377	5.541371
275.520586	51.011497
275.733786	55.538443
275.946975	15.486077
276.160154	144.370438
276.373323	170.270584
276.586483	210.511910
276.799632	164.861823
277.012771	252.459277
277.225900	258.517701
277.439019	263.427067
277.652128	371.494311
277.865227	834.201177
278.078316	1594.056970
278.291395	3336.723609
278.504464	4138.460184
278.717523	6200.830401
278.930572	6798.076937
279.143611	6778.681521
279.356640	6323.182137
279.569658	5518.534676
279.782667	4315.171273
279.995666	3223.478856
280.208654	1544.579089
280.421632	744.084253
280.634601	392.791926
280.847559	433.054848
281.060507	158.765606
281.273446	248.431725
281.486374	234.940866
281.699292	390.782649
281.912200	282.794589
282.125097	435.582416
282.337985	352.114192
282.550863	593.610739
282.763730	688.582140
282.976588	833.118705
283.189435	849.497056
283.402273	1037.604245
283.615100	747.976833
283.827917	1018.836897
284.040724	835.207165
284.253521	1026.650852
284.466308	744.578249
284.679084	840.407170
284.891851	737.491341
285.104607	697.834892
285.317353	476.064891
285.530090	624.400455
285.742816	312.963436
285.955531	524.420709
286.168237	334.509399
286.380933	459.191644
286.593618	434.121123
286.806294	611.265921
287.018959	578.949226
287.231614	855.868614
287.444259	513.198272
287.656894	667.908094
287.869518	553.535878
288.082133	649.659936
288.294737	410.520893
288.507331	734.351902
288.719915	683.650279
288.932489	634.957932
289.145053	505.562480
289.357606	771.670644
289.570149	455.955026
289.782683	708.726199
289.995206	474.488423
290.207718	560.686672
290.420221	612.097346
290.632713	921.472900
290.845196	792.350090
291.057668	807.060192
291.270129	676.351916
291.482581	932.149151
291.695023	650.489562
291.907454	1101.841718
292.119875	1031.604309
292.332286	1299.756843
292.544686	694.906009
292.757077	1046.898388
292.969457	856.218640
293.181827	1214.143471
293.394187	1019.329993
293.606536	1077.427160
293.818876	1256.853877
294.031205	1252.538386
294.243524	1103.288614
294.455832	1230.069217
294.668131	1060.705981
294.880419	1437.690597
295.092697	1310.282826
295.304965	1899.846779
295.517222	1283.568351
295.729469	1690.235018
295.941706	1457.577310
296.153933	1620.649071
296.366149	1394.060585
296.578356	1680.207529
296.790552	1948.872055
297.002737	1993.100442
297.214913	2038.729834
297.427078	2503.107648
297.639233	1880.606131
297.851377	2479.241073
298.063512	1952.066383
298.275636	1914.578477
298.487750	2122.746942
298.699853	2163.243814
298.911946	1869.051664
299.124029	2520.118566
299.336102	2139.756060
299.548164	2528.975401
299.760217	1859.313014
299.972258	2217.739939
300.184290	2299.444534
300.396311	2040.001266
300.608322	1896.478788
300.820322	2354.502140
301.032313	1984.846480
301.244293	2116.855882
301.456262	2077.318208
301.668222	2265.266131
301.880171	1950.659079
302.092109	2515.673502
302.304038	1852.201812
302.515956	2189.942992
302.727863	1822.557554
302.939761	2227.747631
303.151648	1729.864473
303.363525	2553.352167
303.575391	2070.732495
303.787247	1893.356446
303.999093	1882.908746
304.210928	1759.165903
304.422753	1890.590428
304.634568	1841.105348
304.846372	1766.920470
305.058166	2051.395567
305.269949	1683.908450
305.481723	2131.238454
305.693486	1528.669539
305.905238	1992.372495
306.116980	1696.678561
306.328712	1535.932810
306.540433	1617.929843
306.752144	1879.638834
306.963845	1697.751135
307.175535	1896.336618
307.387215	1908.730608
307.598884	1801.259039
307.810543	1441.209756
308.022192	1792.064775
308.233830	1352.411055
308.445458	1737.467872
308.657076	1563.537197
308.868683	1956.901965
309.080280	1451.927399
309.291866	2123.045679
309.503442	1511.931264
309.715007	1542.058720
309.926562	1650.218644
310.138107	1673.689302
310.349641	1419.528822
310.561165	1754.903500
310.772678	1632.504974
310.984181	1789.323052
311.195674	2106.375789
311.407156	1736.909089
311.618627	1778.639602
311.830089	1909.541338
312.041539	2418.501164
312.252980	2028.763532
312.464410	2336.221590
312.675829	1884.310650
312.887238	2124.894790
313.098637	2577.273630
313.310025	2123.124862
313.521402	2603.748755
313.732769	2113.412308
313.944126	2477.822072
314.155472	2331.393206
314.366808	3052.487862
314.578133	3517.919354
314.789448	4171.135903
315.000753	4789.817725
315.212047	4968.200662
315.423330	4836.642965
315.634603	5097.835464
315.845865	4346.517073
316.057117	4647.513590
316.268359	4317.494584
316.479590	5164.329662
316.690810	5657.147787
316.902020	7115.696554
317.113220	7802.112512
317.324409	8935.419367
317.535587	9012.582618
317.746755	9161.440972
317.957912	7590.962975
318.169059	6414.821540
318.380196	4215.571246
318.591322	3541.351320
318.802437	2110.775863
319.013542	2360.189842
319.224636	1889.413476
319.435720	2008.520495
319.646793	1672.913665
319.857856	2066.708542
320.068908	1684.263875
320.279950	2096.460777
320.490981	1949.194188
320.702002	1908.431871
320.913012	2045.131986
321.124011	1906.206640
321.335000	1708.610049
321.545979	1746.277017
321.756946	1610.482112
321.967904	1669.260435
322.178850	1376.022083
322.389787	1668.214855
322.600712	1838.760442
322.811627	1848.778933
323.022532	1679.973579
323.233426	1752.379532
323.444309	1475.022836
323.655182	2056.046687
323.866044	1539.857783
324.076895	1865.144686
324.287736	1624.969061
324.498567	2071.554022
324.709386	1919.484244
324.920196	2256.202340
325.130994	1816.811364
325.341782	1958.032127
325.552560	2174.911657
325.763327	2391.964851
325.974083	2085.630658
326.184828	2566.450709
326.395563	2103.540486
326.606288	2013.166217
326.817002	2051.913858
327.027705	1944.430591
327.238397	1712.130107
327.449079	2108.138518
327.659750	1926.724119
327.870411	2419.115734
328.081061	1567.721316
328.291700	2009.837818
328.502329	2058.786610
328.712947	1977.811762
328.923555	2014.718390
329.134152	2353.302693
329.344738	1458.627389
329.555313	2107.549142
329.765878	1869.973070
329.976432	2029.468984
330.186976	2025.146294
330.397509	2218.818812
330.608031	2207.033093
330.818543	2384.477528
331.029044	2492.657248
331.239534	2769.381377
331.450013	2493.400492
331.660482	3204.554041
331.870941	3047.168182
332.081388	3675.898188
332.291825	3169.432637
332.502251	3911.788915
332.712667	4206.661323
332.923072	4190.006730
333.133466	4023.857616
333.343849	4255.158410
333.554222	3992.381345
333.764584	4328.890684
333.974935	3521.727352
334.185276	4095.838859
334.395606	4120.505365
334.605925	4259.029395
334.816234	3916.314962
335.026531	4337.525266
335.236818	4139.647034
335.447095	4208.379061
335.657360	3885.470357
335.867615	4584.588041
336.077860	4262.280411
336.288093	4215.917673
336.498316	3960.995054
336.708528	3967.665349
336.918729	3503.874212
337.128919	3312.209171
337.339099	3303.189471
337.549268	3157.952854
337.759427	2866.181194
337.969574	3327.508650
338.179711	2656.855572
338.389837	2758.334403
338.599952	2341.242532
338.810057	2773.376536
339.020150	2342.806403
339.230233	2479.089005
339.440306	2309.245270
339.650367	2573.758970
339.860418	2134.781908
340.070458	2242.897741
340.280487	2195.542513
340.490505	2498.723771
340.700513	2378.111369
340.910510	2576.067884
341.120496	2303.989477
341.330471	2264.905307
341.540435	2232.317769
341.750389	2504.786694
341.960332	1963.814309
342.170264	2297.717797
342.380185	2618.645118
342.590095	2732.439656
342.799995	3092.585219
343.009884	3005.638327
343.219762	2872.336797
343.429629	3451.650109
343.639485	2967.934467
343.849331	3168.480637
344.059166	2822.818425
344.268989	3024.496556
344.478803	2623.021797
344.688605	2783.880024
344.898396	2533.477153
345.108177	2570.471962
345.317947	2645.293007
345.527705	2618.458858
345.737453	2163.439073
345.947191	1876.462503
346.156917	2358.652066
346.366633	2351.652440
346.576337	2188.509594
346.786031	2423.365539
346.995714	2286.371187
347.205386	2933.599497
347.415047	2114.940186
347.624698	2436.642244
347.834337	1916.976472
348.043966	2464.389701
348.253584	1833.522645
348.463190	2246.966684
348.672786	1717.149250
348.882372	2139.281860
349.091946	2036.704360
349.301509	1673.434656
349.511062	1728.287105
349.720603	2051.690705
349.930134	1858.082074
350.139654	2186.278964
350.349163	1720.669309
350.558661	1868.337214
350.768148	1777.030741
350.977624	1865.528905
351.187089	1666.118296
351.396543	2016.063607
351.605987	1582.031003
351.815419	1928.114327
352.024841	2117.146521
352.234252	1972.240135
352.443651	2013.229204
352.653040	2123.891501
352.862418	2430.672901
353.071785	2353.498851
353.281141	2133.237833
353.490486	2699.650561
353.699821	2692.359396
353.909144	2650.066502
354.118456	2220.236913
354.327758	2658.708282
354.537048	2844.021560
354.746327	2820.417730
354.955596	2142.011885
355.164853	2893.479645
355.374100	2639.257978
355.583336	3137.474966
355.792560	2823.765925
356.001774	2935.387420
356.210977	2846.101922
356.420169	3324.397105
356.629349	2452.443816
356.838519	3901.138758
357.047678	3418.111471
357.256826	4087.716269
357.465963	4248.520508
357.675089	4224.468573
357.884204	4553.575171
358.093307	4619.462897
358.302400	4100.367605
358.511482	3949.734825
358.720553	3474.943504
358.929613	3170.608689
359.138662	2569.303109
359.347700	2664.800899
359.556727	2615.932190
359.765743	2289.317166
359.974748	2229.525657
360.183742	2066.283832
360.392724	1857.700554
360.601696	1837.137184
360.810657	1900.549531
361.019607	2025.593500
361.228546	2003.540044
361.437473	2137.502935
361.646390	2049.360195
361.855296	2092.817444
362.064190	1988.498811
362.273074	2267.820693
362.481946	1883.396443
362.690808	2131.923210
362.899658	1615.757701
363.108498	2090.157604
363.317326	1824.216805
363.526143	2041.028850
363.734949	1872.270286
363.943744	2046.853323
364.152529	1748.899065
364.361302	2159.803839
364.570064	1670.647942
364.778814	2258.737106
364.987554	1503.022240
365.196283	1886.146264
365.405001	1688.478588
365.613707	1917.440774
365.822403	1730.811074
366.031087	1559.252299
366.239760	1593.938196
366.448423	1652.830794
366.657074	1819.859022
366.865714	1651.705131
367.074343	1779.173190
367.282960	1999.319033
367.491567	1675.782261
367.700163	2185.022828
367.908747	1695.794047
368.117321	1962.767829
368.325883	2245.670957
368.534434	2416.174254
368.742974	2045.226466
368.951503	2190.148149
369.160021	2770.728394
369.368528	3226.910733
369.577023	3066.984709
369.785508	3817.631842
369.993981	3863.519480
370.202443	3663.344031
370.410894	3624.746659
370.619334	3763.389464
370.827763	3035.943946
371.036180	3570.339616
371.244587	2882.315696
371.452982	4427.199483
371.661366	3522.053084
371.869739	4094.404561
372.078101	3919.835921
372.286451	4595.623317
372.494791	4732.353125
372.703119	5190.542042
372.911436	5312.363790
373.119742	5760.885143
373.328037	5190.341385
373.536321	5264.708925
373.744593	5304.443658
373.952854	5120.839120
374.161104	4978.935401
374.369343	5119.113284
374.577571	4754.726014
374.785787	5053.455009
374.993993	4486.583378
375.202187	4515.609466
375.410370	3780.320299
375.618541	4056.773585
375.826702	3927.593187
376.034851	4719.843060
376.242989	4030.012320
376.451116	4125.600092
376.659232	3792.134811
376.867336	4337.405591
377.075429	3841.080905
377.283511	3645.555677
377.491582	3950.672427
377.699642	4324.212569
377.907690	3902.443483
378.115727	4552.398219
378.323753	4214.386196
378.531767	4922.474091
378.739771	4517.032066
378.947763	4659.400987
379.155744	4562.079281
379.363713	4764.474561
379.571672	5356.940403
379.779619	5449.246566
379.987555	5945.663933
380.195479	5646.727082
380.403393	5878.280722
380.611295	5901.271781
380.819186	6129.502421
381.027065	6499.620584
381.234934	6917.182156
381.442791	7426.950012
381.650636	7847.856180
381.858471	8206.257910
382.066294	7727.619899
382.274106	8335.533687
382.481906	9075.186035
382.689696	9041.095814
382.897474	9458.185885
383.105241	9571.648393
383.312996	9869.567559
383.520740	10855.703204
383.728473	11185.038354
383.936194	11278.481878
384.143905	12102.790199
384.351604	12373.895911
384.559291	12968.684164
384.766968	13427.634321
384.974633	12949.142079
385.182286	13969.820550
385.389929	13350.126442
385.597560	13091.854727
385.805179	12881.711178
386.012788	13343.309478
386.220385	13306.580112
386.427970	13235.715534
386.635545	13292.559264
386.843108	13345.884735
387.050660	13465.959051
387.258200	12874.423613
387.465729	11945.615796
387.673247	11828.726810
387.880753	10054.098901
388.088248	9191.284088
388.295731	7331.760856
388.503204	7143.130877
388.710665	5690.791703
388.918114	5337.931906
389.125552	4824.836551
389.332979	4746.943553
389.540394	4640.861291
389.747798	4751.959997
389.955191	4171.620901
390.162572	4999.186537
390.369942	5193.884839
390.577301	5903.794850
390.784648	6363.565634
390.991984	7677.457262
391.199308	9451.271741
391.406621	12478.487187
391.613923	16492.431253
391.821213	20430.995492
392.028491	27370.257760
392.235759	31719.073510
392.443015	36306.202278
392.650259	36247.854964
392.857492	34600.884974
393.064714	32769.991014
393.271924	27727.633706
393.479123	23467.887500
393.686311	19409.170662
393.893487	17016.899313
394.100651	13804.792601
394.307805	12255.444854
394.514946	11038.414230
394.722077	11044.649917
394.929196	11780.568951
395.136303	13156.262265
395.343399	17076.071753
395.550484	20168.555855
395.757557	23937.089198
395.964618	25423.403418
396.171669	25942.931518
396.378707	25267.199910
396.585735	22635.317118
396.792750	19796.298842
396.999755	16466.963916
397.206748	13592.907019
397.413729	12630.147551
397.620699	10531.011076
397.827658	9597.429764
398.034605	9066.421881
398.241540	8062.742630
398.448464	7599.602956
398.655377	7428.099970
398.862278	7444.327153
399.069168	7284.608086
399.276046	6807.973053
399.482912	7089.457179
399.689768	6490.914917
399.896611	6235.188766
400.103443	6137.305578
400.310264	5694.193886
400.517073	5713.340055
400.723871	5512.831676
400.930657	5323.740994
401.137432	5793.847002
401.344195	5395.082471
401.550946	5233.914709
401.757686	5906.088467
401.964415	5714.016712
402.171132	6495.631724
402.377837	6436.892093
402.584531	6369.739234
402.791214	6451.482521
402.997885	6696.094212
403.204544	6567.140566
403.411192	6934.267758
403.617828	6826.722405
403.824453	6688.753557
404.031066	7043.403977
404.237668	6899.376705
404.444258	7059.164158
404.650836	6716.832145
404.857403	6602.867543
405.063959	6862.247824
405.270503	7239.755230
405.477035	7346.133530
405.683556	8060.098987
405.890065	8263.237511
406.096562	8674.815343
406.303048	9422.889018
406.509523	9144.197004
406.715985	9572.063206
406.922437	9600.692477
407.128876	9970.639676
407.335304	9675.069915
407.541721	9042.236774
407.748126	9385.705248
407.954519	9007.138764
408.160901	8474.866647
408.367271	8316.674559
408.573630	7893.209330
408.779976	8765.793386
408.986312	7889.962813
409.192635	8101.105152
409.398947	7917.785854
409.605248	7856.847986
409.811537	8008.405772
410.017814	7714.663527
410.224080	7644.178669
410.430334	7391.885296
410.636576	7509.958432
410.842807	7746.830853
411.049026	7154.979582
411.255233	7327.538945
411.461429	7292.557012
411.667613	7225.063124
411.873786	6759.359889
412.079946	7105.522396
412.286096	6830.117390
412.492233	6682.187640
412.698359	6416.783127
412.904473	6331.042882
413.110576	6717.572689
413.316667	6732.469052
413.522746	6640.228575
413.728814	6598.819295
413.934870	6974.958990
414.140914	6628.099130
414.346947	6858.505512
414.552968	6857.235879
414.758977	6614.038690
414.964975	6910.104246
415.170960	6957.006870
415.376935	6593.109997
415.582897	6494.357592
415.788848	6102.556695
415.994787	6194.920446
416.200715	6512.312411
416.406630	6359.154762
416.612534	6229.543355
416.818427	6207.939804
417.024307	6515.554429
417.230176	6567.956694
417.436033	7089.038767
417.641879	6720.824604
417.847713	7212.776212
418.053535	6369.230841
418.259345	6689.001905
418.465144	6708.576383
418.670931	6519.250850
418.876706	6544.286278
419.082469	6589.082445
419.288221	6193.332280
419.493961	6131.315540
419.699689	5946.504356
419.905406	6102.068098
420.111110	5892.236783
420.316803	6318.367251
420.522485	6385.810749
420.728154	7100.804690
420.933812	7974.012315
421.139458	8755.346586
421.345092	10583.362052
421.550714	12000.103822
421.756325	12873.456317
421.961924	13655.882958
422.167511	13457.217391
422.373087	12571.422317
422.578650	11458.358500
422.784202	10516.558319
422.989742	9177.439603
423.195270	8737.457452
423.400787	7758.232352
423.606292	7516.036653
423.811785	7057.029808
424.017266	7020.097085
424.222735	6516.902345
424.428193	6394.562306
424.633638	6517.910133
424.839072	6747.819819
425.044494	6877.271060
425.249905	7130.565023
425.455303	7112.502227
425.660690	7017.077321
425.866065	6994.984273
426.071428	7125.847316
426.276779	6812.454109
426.482119	7308.150728
426.687446	6773.522007
426.892762	6734.290268
427.098066	6297.537537
427.303358	6810.535713
427.508638	6886.601196
427.713907	6444.513488
427.919163	6369.481888
428.124408	6452.439019
428.329641	5997.767461
428.534862	6428.001965
428.740071	6877.645381
428.945269	6613.602282
429.150454	6515.009143
429.355628	7027.437739
429.560790	6615.327219
429.765940	7223.177121
429.971078	6361.049763
430.176204	6559.999670
430.381318	6832.105971
430.586421	6408.135948
430.791511	6578.370201
430.996590	6489.452725
431.201657	6044.748368
431.406712	6201.534953
431.611755	5836.681582
431.816786	6028.143265
432.021805	5411.750562
432.226813	5677.387225
432.431808	5494.039134
432.636792	5470.549580
432.841764	5447.079822
433.046723	5720.327983
433.251671	6066.299730
433.456607	5947.838775
433.661531	6349.402616
433.866444	6399.340300
434.071344	6657.206200
434.276232	6245.181162
434.481109	6137.996633
434.685973	6426.499281
434.890826	5937.186818
435.095666	6110.990619
435.300495	5401.377546
435.505312	5755.802113
435.710117	5752.999203
435.914910	5801.711346
436.119691	5475.789177
436.324460	5556.904396
436.529217	5443.117057
436.733962	5138.447512
436.938695	4981.040058
437.143416	5165.689276
437.348126	4865.179555
437.552823	4946.416249
437.757508	4732.393617
437.962182	4848.569053
438.166843	4658.556065
438.371493	4769.672767
438.576130	4755.758997
438.780756	4839.963265
438.985369	5040.058630
439.189971	5351.033147
439.394560	4765.776587
439.599138	5208.826192
439.803703	5218.578339
440.008257	5392.863539
440.212799	5451.926202
440.417328	5793.540166
440.621846	5950.566101
440.826352	6315.606633
441.030845	6205.197182
441.235327	6058.146547
441.439797	6174.366974
441.644254	6419.144230
441.848700	6398.929087
442.053134	6792.537703
442.257555	6776.164751
442.461965	6680.855021
442.666362	7196.811773
442.870748	6843.817005
443.075121	7031.541775
443.279483	6841.969694
443.483832	6950.974540
443.688170	7090.534253
443.892495	7246.953715
444.096808	7242.904567
444.301110	7757.470213
444.505399	7562.896985
444.709676	7572.420580
444.913941	7435.452322
445.118194	6718.310533
445.322435	6576.232251
445.526664	6470.721369
445.730881	6008.177369
445.935086	5605.437476
446.139279	5623.969974
446.343460	5036.507978
446.547629	5167.895611
446.751785	4754.050256
446.955930	4616.893038
447.160062	4343.042904
447.364183	4395.174327
447.568291	4267.007115
447.772387	4286.211771
447.976471	4139.194429
448.180543	4135.746356
448.384603	3772.918458
448.588651	4065.732999
448.792687	3811.645403
448.996711	4308.137454
449.200722	4077.105704
449.404722	4108.820425
449.608709	4063.261219
449.812684	4098.866721
450.016647	4092.170332
450.220598	4300.297405
450.424537	3865.778904
450.628464	4095.810965
450.832379	4115.222577
451.036281	4124.137900
451.240172	3859.119406
451.444050	4198.577425
451.647916	3728.022412
451.851770	4169.603526
452.055612	3845.442286
452.259442	4031.471813
452.463259	3634.508703
452.667065	3768.146763
452.870858	3698.951333
453.074639	3581.148140
453.278408	3571.874693
453.482165	3649.978246
453.685910	3692.510490
453.889642	3535.893969
454.093363	3495.528469
454.297071	3535.674415
454.500767	3370.031895
454.704451	3261.776591
454.908123	3151.201576
455.111782	3639.728504
455.315429	3376.182100
455.519065	3535.626725
455.722688	3389.928506
455.926298	3676.695420
456.129897	3542.153951
456.333484	3578.821230
456.537058	3437.737238
456.740620	3746.045617
456.944170	3607.916603
457.147707	3851.728362
457.351233	3990.946147
457.554746	4398.650295
457.758247	4190.880446
457.961736	4541.573499
458.165212	4479.530663
458.368677	5161.770601
458.572129	5059.498137
458.775569	5407.108439
458.978997	5258.060225
459.182412	5760.204886
459.385816	6075.835922
459.589207	6012.760104
459.792585	5769.502628
459.995952	6289.920641
460.199306	6107.055748
460.402649	6538.562584
460.605978	6430.910153
460.809296	6419.022756
461.012601	6772.310862
461.215895	6511.375709
461.419175	6998.389156
461.622444	7402.314100
461.825700	7518.951139
462.028945	7774.480231
462.232176	8405.738704
462.435396	8332.701084
462.638603	8621.996466
462.841798	8563.055277
463.044981	9220.426252
463.248152	8544.963687
463.451310	9405.600059
463.654456	9288.827148
463.857589	9030.667910
464.060711	9180.811194
464.263820	9273.058868
464.466917	8534.146165
464.670001	8210.136993
464.873073	7571.248126
465.076133	7230.923590
465.279181	7427.793134
465.482216	6951.725882
465.685239	6895.701879
465.888250	6238.233725
466.091248	6727.475104
466.294234	6035.193280
466.497208	6181.634744
466.700169	5788.943034
466.903119	5257.612119
467.106055	5290.373321
467.308980	5879.258816
467.511892	5206.009785
467.714792	5377.362503
467.917679	5700.192023
468.120554	5484.138519
468.323417	5330.923282
468.526268	5647.045614
468.729106	5602.462702
468.931932	5711.577326
469.134745	5842.359386
469.337546	5624.400983
469.540335	5556.751428
469.743111	6070.013248
469.945875	5909.011951
470.148627	6048.896495
470.351366	5849.690143
470.554093	5749.220899
470.756808	5656.224582
470.959510	5554.734953
471.162200	5519.196036
471.364877	5263.624653
471.567542	5080.496115
471.770195	5243.340224
471.972835	4996.003007
472.175463	4999.761516
472.378078	5041.002532
472.580682	5112.287321
472.783272	4690.412957
472.985851	4773.552750
473.188417	4833.415344
473.390970	4730.765860
473.593511	4812.956352
473.796040	4816.497107
473.998556	4642.352277
474.201060	4804.400954
474.403552	4583.260820
474.606031	4921.418613
474.808497	4692.774959
475.010952	5199.766900
475.213393	4970.051572
475.415823	5147.430321
475.618240	5122.440783
475.820644	5371.499337
476.023036	5261.318439
476.225416	5394.225852
476.427783	5384.611376
476.630138	5916.390397
476.832480	5799.189177
477.034810	6141.069486
477.237128	6199.095567
477.439433	6067.717832
477.641725	6218.869803
477.844005	6689.501300
478.046273	6476.753699
478.248528	6445.514977
478.450771	6733.939342
478.653001	7056.183986
478.855219	6946.150656
479.057424	7164.958481
479.259617	6830.758955
479.461797	7101.524538
479.663965	7564.931457
479.866120	7161.549099
480.068263	7382.103455
480.270394	7156.503861
480.472512	7403.018651
480.674617	6983.590872
480.876710	7209.886920
481.078790	6996.596733
481.280858	7516.791594
481.482914	7132.019117
481.684957	7320.628401
481.886987	7349.159593
482.089005	7277.900898
482.291010	7590.631845
482.493003	7478.941964
482.694984	7485.470089
482.896951	7804.407029
483.098907	7686.157529
483.300850	7595.246973
483.502780	8113.673705
483.704698	8095.250985
483.906603	8607.964820
484.108495	8284.292178
484.310376	8303.206195
484.512243	8483.099914
484.714098	8935.298792
484.915941	8971.237224
485.117771	8448.564286
485.319588	8889.033235
485.521393	9111.305330
485.723185	8873.042702
485.924965	9196.634362
486.126732	8987.579583
486.328487	9052.928322
486.530229	8928.754470
486.731958	8873.129983
486.933675	9208.882582
487.135380	9108.107403
487.337072	9148.079686
487.538751	8503.858542
487.740417	9015.619479
487.942071	8398.011131
488.143713	8317.979284
488.345342	8513.143687
488.546958	8648.698343
488.748562	8093.873375
488.950153	8502.521424
489.151731	8035.640337
489.353297	8446.779062
489.554851	8139.589148
489.756391	7983.396439
489.957919	7944.921440
490.159435	7792.801273
490.360938	7976.269939
490.562428	7963.948834
490.763906	8235.809487
490.965371	7975.658968
491.166823	7923.602230
491.368263	7821.113811
491.569690	8140.284702
491.771104	8306.383426
491.972506	8010.554520
492.173895	7947.399519
492.375272	7850.994719
492.576636	8461.116643
492.777987	8291.757006
492.979326	8518.471465
493.180652	8193.597576
493.381965	8328.610545
493.583266	7861.761852
493.784554	8383.261437
493.985830	7977.929190
494.187092	7832.617889
494.388342	7919.900409
494.589580	8380.612395
494.790805	7912.246621
494.992017	7900.912608
495.193216	7727.073714
495.394403	8353.463312
495.595577	7962.656706
495.796738	8085.487141
495.997887	7680.951226
496.199023	8115.459829
496.400146	8249.116785
496.601257	8464.002335
496.802355	8766.630209
497.003440	8583.264122
497.204513	8282.847982
497.405572	9070.170492
497.606620	8840.827685
497.807654	9282.271129
498.008676	10193.575831
498.209685	10751.856971
498.410681	11047.017318
498.611665	11478.392781
498.812635	12007.359894
499.013594	13798.834955
499.214539	13686.043706
499.415472	15019.540406
499.616392	14326.442455
499.817299	14229.729020
500.018193	14307.042540
500.219075	15103.310066
500.419944	13417.589736
500.620800	13657.978616
500.821644	13148.061392
501.022475	12421.474292
501.223293	11667.602239
501.424098	12255.223501
501.624891	10684.759000
501.825671	11114.545398
502.026438	10450.406049
502.227192	10290.240676
502.427933	9931.253170
502.628662	9790.709065
502.829378	9363.727376
503.030081	9067.331589
503.230772	8708.538442
503.431449	8845.600280
503.632114	8848.710925
503.832766	9019.602040
504.033406	8378.995435
504.234032	8568.630503
504.434646	8039.332260
504.635247	8659.070459
504.835835	8042.421309
505.036410	7677.703810
505.236973	7558.795649
505.437523	7581.407887
505.638059	7372.370205
505.838584	7422.857674
506.039095	6783.868029
506.239593	7358.687686
506.440079	7110.556836
506.640552	7079.263226
506.841012	6988.326575
507.041459	6972.253259
507.241894	7001.186667
507.442315	6856.127313
507.642724	6721.719016
507.843120	6816.831687
508.043503	6796.170238
508.243873	6850.387421
508.444231	6807.228909
508.644575	6725.736670
508.844907	6541.943172
509.045226	6648.658900
509.245532	6393.289075
509.445825	6585.097185
509.646106	6502.694337
509.846373	6626.136643
510.046628	6583.769064
510.246870	6735.959417
510.447098	6659.381942
510.647314	6900.145144
510.847518	6461.958115
511.047708	6855.853770
511.247885	6955.748935
511.448050	7054.271888
511.648202	6963.381128
511.848340	7208.862036
512.048466	7243.868264
512.248579	7031.186350
512.448679	7389.522393
512.648767	7583.336181
512.848841	7509.960232
513.048902	7653.402627
513.248951	7604.057018
513.448986	7912.790106
513.649009	8009.630414
513.849019	7613.909943
514.049016	7605.111596
514.249000	7859.847955
514.448971	7787.499589
514.648929	7931.682528
514.848874	7809.348789
515.048807	8197.177922
515.248726	8114.380057
515.448633	7928.974998
515.648526	8314.106499
515.848407	8295.166388
516.048274	8058.651192
516.248129	8489.913279
516.447971	8135.511207
516.647800	8479.771515
516.847616	8512.256474
517.047419	8355.835212
517.247209	8523.747054
517.446986	8613.564341
517.646750	8141.273594
517.846501	8517.266619
518.046239	7698.943837
518.245964	8155.370025
518.445677	7354.258819
518.645376	7479.957850
518.845062	7166.241610
519.044736	6945.588274
519.244396	6645.744414
519.444043	6656.219108
519.643678	6596.878404
519.843299	6565.599190
520.042908	6466.389681
520.242503	5982.357306
520.442086	6278.987943
520.641655	6191.488569
520.841212	5827.749163
521.040755	5643.618236
521.240286	5742.797152
521.439803	5654.952249
521.639308	5693.078121
521.838799	5605.430278
522.038277	5619.582497
522.237743	5658.042199
522.437195	5419.586112
522.636635	5570.629206
522.836061	5359.779305
523.035475	5520.939869
523.234875	5389.603525
523.434262	5300.944295
523.633636	5303.819189
523.832998	5340.517961
524.032346	5354.927527
524.231681	5241.689072
524.431003	5462.394597
524.630312	5350.787499
524.829608	5721.540028
525.028891	5706.658961
525.228161	6081.143005
525.427418	6516.837558
525.626662	6785.700943
525.825893	6905.681678
526.025111	6940.812080
526.224315	7113.301258
526.423507	6914.215481
526.622685	6659.242472
526.821851	6339.079990
527.021003	5968.013427
527.220142	5810.686056
527.419269	5706.167665
527.618382	5722.160897
527.817482	5535.012906
528.016569	5630.514296
528.215643	5170.413281
528.414704	5494.936245
528.613751	5114.468462
528.812786	5318.074887
529.011807	5130.216945
529.210816	4996.058796
529.409811	4743.268727
529.608793	5084.551561
529.807762	5036.571865
530.006718	5154.326469
530.205661	5001.082438
530.404591	5075.613743
530.603508	4964.520437
530.802411	5044.810530
531.001301	5175.546700
531.200179	5175.876031
531.399043	4924.351095
531.597894	5010.611431
531.796732	5011.746092
531.995556	5216.056170
532.194368	4832.939344
532.393167	5322.357985
532.591952	4690.362567
532.790724	4651.677913
532.989483	4991.214216
533.188229	5155.743670
533.386962	5089.131597
533.585681	5034.080289
533.784387	5048.526747
533.983081	5193.268468
534.181761	4992.901361
534.380428	5098.445536
534.579081	4966.961623
534.777722	4803.881763
534.976349	4956.573310
535.174964	4779.639068
535.373565	4602.782210
535.572152	4683.425028
535.770727	4528.088938
535.969289	4620.484182
536.167837	4487.399506
536.366372	4574.801702
536.564894	4550.116300
536.763403	4642.417064
536.961898	4293.009840
537.160380	4650.018663
537.358849	4529.951546
537.557305	4563.563968
537.755748	4454.711190
537.954177	4520.100420
538.152594	4434.057839
538.350997	4536.711822
538.549387	4148.961873
538.747763	4330.952150
538.946127	4175.375811
539.144477	4361.085905
539.342814	4129.412589
539.541137	4486.295439
539.739448	4208.318774
539.937745	4408.462728
540.136029	4224.734017
540.334300	4518.212618
540.532557	4018.840273
540.730801	4325.077287
540.929032	4165.698348
541.127250	4236.935448
541.325455	4139.458074
541.523646	4119.763021
541.721824	4020.415841
541.919988	4140.944561
542.118140	4076.544222
542.316278	4202.479903
542.514403	4122.277092
542.712515	4239.090494
542.910613	4116.146683
543.108698	4099.821420
543.306770	4164.416118
543.504828	4245.951549
543.702874	4266.711977
543.900906	4248.315351
544.098924	4246.262884
544.296930	4571.666762
544.494922	4272.149532
544.692900	4461.976260
544.890866	4334.209464
545.088818	4556.508554
545.286757	4370.793061
545.484682	4778.046403
545.682595	4506.340518
545.880494	4624.563923
546.078379	4606.807062
546.276252	4579.252165
546.474111	4623.154820
546.671956	5035.358020
546.869788	4995.955317
547.067607	4941.099269
547.265413	4935.730999
547.463206	5148.673859
547.660985	5239.320771
547.858750	5103.878592
548.056503	5354.899633
548.254241	5365.300543
548.451967	5256.318192
548.649679	5587.819186
548.847378	5584.428700
549.045064	5717.613255
549.242736	5845.046221
549.440395	6017.582189
549.638041	6134.768113
549.835673	6151.718743
550.033292	6108.304685
550.230897	6460.890939
550.428489	6512.114453
550.626068	6361.710224
550.823633	6648.559021
551.021185	6528.179670
551.218723	6745.797945
551.416249	6915.769454
551.613760	6920.023758
551.811259	6813.639160
552.008744	7053.985749
552.206215	7344.836003
552.403674	7482.694174
552.601118	7558.657078
552.798550	7439.886588
552.995968	7598.396310
553.193372	7712.828813
553.390763	7770.537261
553.588141	7564.350179
553.785506	7643.088999
553.982857	7471.872152
554.180194	7616.662463
554.377518	7233.498848
554.574829	7138.846879
554.772126	6930.550641
554.969410	6758.535663
555.166680	6486.258398
555.363937	6208.348318
555.561181	5998.548497
555.758411	6079.065342
555.955628	5661.938378
556.152831	5602.254846
556.350021	5362.065724
556.547197	5383.380436
556.744360	5275.595732
556.941509	5325.529817
557.138645	5132.902880
557.335768	5698.355510
557.532877	5918.014555
557.729972	6570.754205
557.927054	6584.181178
558.124123	6953.130486
558.321178	7115.921507
558.518220	7249.357108
558.715248	7203.399286
558.912263	7167.726298
559.109264	6826.332787
559.306252	6569.459378
559.503226	6315.940462
559.700187	6004.200207
559.897134	5268.318965
560.094068	5425.386290
560.290988	4815.486620
560.487895	4828.529373
560.684788	4350.866757
560.881668	4294.507125
561.078535	4152.896744
561.275387	4160.251795
561.472227	3806.999681
561.669052	4185.254830
561.865865	3871.771642
562.062663	3839.372164
562.259449	3682.694457
562.456220	4250.067282
562.652978	3909.475502
562.849723	4171.465234
563.046454	3790.938963
563.243172	4127.780333
563.439876	4117.788837
563.636566	4273.978847
563.833243	4299.718827
564.029907	4263.544644
564.226556	4300.160634
564.423193	4702.930221
564.619815	4821.972454
564.816425	4817.064887
565.013020	5258.680194
565.209602	5363.862646
565.406171	5736.061170
565.602726	6112.454611
565.799267	6203.769183
565.995795	6364.280083
566.192309	7232.859083
566.388810	7100.319692
566.585297	7449.289608
566.781771	7422.551738
566.978231	7785.447122
567.174677	7609.185938
567.371110	7877.682199
567.567529	7681.771853
567.763934	7765.027721
567.960326	6972.684269
568.156705	6960.127413
568.353070	6581.815576
568.549421	6333.708121
568.745758	6012.724112
568.942082	5892.321366
569.138393	5465.739193
569.334689	5336.219566
569.530973	5284.105240
569.727242	5127.538209
569.923498	4931.637761
570.119740	4654.589700
570.315969	4644.007029
570.512184	4353.538294
570.708385	4388.007336
570.904573	4013.392820
571.100747	4032.521892
571.296908	3989.137528
571.493055	3988.931471
571.689188	3559.774940
571.885307	3734.050242
572.081413	3604.277769
572.277506	3367.827360
572.473584	3407.089692
572.669649	3400.773922
572.865701	3052.380785
573.061738	3379.126280
573.257762	3192.383204
573.453772	3349.710575
573.649769	3021.614463
573.845752	3195.776389
574.041721	3006.694705
574.237677	3142.815341
574.433619	3107.730829
574.629547	3179.030915
574.825462	2937.827707
575.021363	3085.483914
575.217250	2826.711905
575.413124	3054.402659
575.608983	2887.174673
575.804829	2882.609934
576.000662	2826.048744
576.196481	2920.096940
576.392286	2709.251539
576.588077	2958.749201
576.783855	2877.006814
576.979619	2846.599517
577.175369	2635.706426
577.371105	2774.861223
577.566828	2775.971589
577.762537	2866.724679
577.958232	2540.437187
578.153914	2844.375185
578.349582	2688.105992
578.545236	2884.133313
578.740876	2515.228995
578.936503	2851.350517
579.132116	2596.237137
579.327715	2865.571122
579.523301	2596.185848
579.718872	2686.045426
579.914430	2470.557002
580.109975	2740.482163
580.305505	2488.029523
580.501022	2706.019420
580.696525	2486.431459
580.892014	2551.760403
581.087489	2690.550777
581.282951	2649.123500
581.478399	2400.662420
581.673833	2719.490483
581.869253	2540.473179
582.064660	2452.458213
582.260053	2474.830202
582.455432	2666.398063
582.650797	2382.658111
582.846148	2572.820468
583.041486	2314.148338
583.236810	2640.547406
583.432120	2320.220259
583.627416	2686.179497
583.822698	2451.345147
584.017967	2703.059043
584.213222	2534.406657
584.408463	2705.794467
584.603690	2707.858632
584.798904	2892.662617
584.994103	2822.384716
585.189289	2801.873535
585.384461	2684.481555
585.579619	3058.683957
585.774764	2557.544385
585.969894	2868.806841
586.165011	2504.140630
586.360114	2905.973514
586.555203	2501.656253
586.750278	2852.772217
586.945339	2863.411577
587.140387	3577.116089
587.335420	4057.651800
587.530440	5350.405979
587.725446	6544.665099
587.920438	8347.188933
588.115416	9897.719931
588.310381	11327.855381
588.505331	12263.224616
588.700268	12430.909706
588.895191	12053.961981
589.090100	11147.567545
589.284995	10056.339430
589.479876	9047.283811
589.674743	7975.991898
589.869597	7090.563946
590.064437	6364.970238
590.259262	5853.555729
590.454074	5133.615530
590.648872	4995.996709
590.843656	4362.361836
591.038426	4462.688910
591.233182	3948.491287
591.427925	4196.892980
591.622653	3865.094148
591.817368	4218.773672
592.012068	4129.742820
592.206755	4247.252675
592.401428	4145.260052
592.596087	4596.234288
592.790732	4400.563292
592.985363	4678.261016
593.179980	4534.310228
593.374583	4757.147404
593.569173	4753.297115
593.763748	4885.929186
593.958310	4709.477242
594.152857	4732.198358
594.347391	4573.194640
594.541910	4600.236646
594.736416	4182.926121
594.930908	4362.793745
595.125386	3955.209272
595.319850	3951.521848
595.514300	3925.243782
595.708736	3938.917303
595.903158	3774.023425
596.097566	3978.928277
596.291960	3588.972892
596.486340	3772.599025
596.680706	3417.146874
596.875058	3784.037416
597.069397	3447.813317
597.263721	3714.988656
597.458031	3335.579950
597.652327	3588.939599
597.846610	3290.628116
598.040878	3634.242359
598.235133	3553.694021
598.429373	3625.882220
598.623599	3408.220754
598.817812	3612.737788
599.012010	3211.671542
599.206195	3324.761528
599.400365	3310.056825
599.594521	3612.303179
599.788664	3302.891633
599.982792	3511.025906
600.176907	3185.467260
600.371007	3520.158983
600.565093	2890.426588
600.759166	3322.802641
600.953224	3063.201006
601.147268	3508.287782
601.341299	3184.176932
601.535315	3450.323788
601.729317	3122.738769
601.923305	3285.604474
602.117279	3298.895575
602.311240	3402.509656
602.505186	3076.653174
602.699118	3491.839246
602.893036	3310.989928
603.086940	3601.168924
603.280829	3398.169870
603.474705	3588.626465
603.668567	3454.938916
603.862415	3592.052943
604.056248	3433.302972
604.250068	3710.163872
604.443874	3481.337557
604.637665	3824.338130
604.831442	3640.172111
605.025206	3998.674619
605.218955	3675.823504
605.412690	3996.958681
605.606411	3697.869761
605.800118	3955.750058
605.993811	3645.719443
606.187490	3737.815050
606.381155	3613.180495
606.574805	3901.901797
606.768442	3379.128080
606.962064	3658.084639
607.155673	3384.437862
607.349267	3825.416103
607.542847	3333.394310
607.736413	3744.603220
607.929965	3624.786251
608.123503	3960.788997
608.317027	3552.440585
608.510536	4119.838605
608.704032	3822.391840
608.897513	4342.618194
609.090980	4048.920039
609.284433	4625.771469
609.477872	4336.091868
609.671297	4503.421533
609.864708	4290.071958
610.058104	4541.097499
610.251487	4450.295819
610.444855	4938.016518
610.638209	4604.585430
610.831549	5275.380678
611.024875	5251.283752
611.218186	5955.846189
611.411484	5721.119816
611.604767	6196.225171
611.798036	5915.674148
611.991291	6060.881971
612.184532	5590.784062
612.377759	5562.046813
612.570971	5277.376457
612.764170	5397.942069
612.957354	4804.424349
613.150524	5070.078109
613.343680	4728.162708
613.536821	4988.234043
613.729949	4683.028212
613.923062	4572.875207
614.116161	4807.901217
614.309246	5277.262181
614.502316	5117.334358
614.695373	5846.143090
614.888415	5900.504243
615.081443	6805.797311
615.274457	7175.733712
615.467457	7600.831197
615.660442	7918.847631
615.853413	7788.867301
616.046370	7607.380018
616.239313	7637.428291
616.432242	6961.948629
616.625156	6926.474499
616.818056	6370.711029
617.010942	6398.384702
617.203814	5957.781681
617.396671	5992.615146
617.589514	5375.883214
617.782343	5743.311843
617.975158	5363.991318
618.167958	5526.108381
618.360744	5230.202091
618.553516	5461.310326
618.746274	5102.653050
618.939018	5196.862312
619.131747	5000.687421
619.324462	5234.953091
619.517162	5029.062946
619.709849	5062.849031
619.902521	4882.978707
620.095179	5238.533437
620.287822	5033.623186
620.480452	5488.523295
620.673067	5277.300873
620.865667	5355.252359
621.058254	5072.928709
621.250826	5416.986559
621.443384	5124.154022
621.635928	5411.733465
621.828457	5052.932220
622.020972	5268.204689
622.213473	5177.979788
622.405959	5148.604573
622.598431	5045.475490
622.790889	5208.417678
622.983333	4959.103577
623.175762	5253.915698
623.368177	4892.707459
623.560577	5105.908564
623.752964	4859.389275
623.945335	5035.697249
624.137693	4794.208800
624.330036	5006.026897
624.522365	4619.914602
624.714680	4707.988956
624.906980	4352.662778
625.099266	4654.375545
625.291538	4545.330208
625.483795	4200.051315
625.676038	3881.311433
625.868267	4020.075713
626.060481	3779.858696
626.252681	3964.670780
626.444866	3548.404935
626.637038	3563.813290
626.829195	3365.904465
627.021337	3345.854887
627.213465	3018.021520
627.405579	3429.259224
627.597678	3004.801504
627.789763	3128.263606
627.981834	3020.919810
628.173890	3130.619310
628.365932	2819.777965
628.557960	2853.102448
628.749973	2714.438047
628.941971	2856.193297
629.133956	2613.756448
629.325926	2822.937200
629.517881	2472.199156
629.709823	2658.611103
629.901749	2536.018217
630.093662	2732.014046
630.285560	2671.218348
630.477443	3445.419821
630.669312	5346.683463
630.861167	12737.611922
631.053007	24514.150283
631.244833	41077.158736
631.436645	55039.586105
631.628442	61264.819929
631.820225	62997.862195
632.011993	63529.673609
632.203747	63743.874404
632.395486	63829.108056
632.587211	63823.046032
632.778922	63772.891493
632.970618	63652.694804
633.162299	63413.836501
633.353966	62981.251693
633.545619	62438.692942
633.737257	61604.625275
633.928881	60568.651825
634.120491	58959.335306
634.312086	57160.474600
634.503666	54699.899534
634.695232	52194.574192
634.886784	48648.911318
635.078321	45312.498481
635.269843	41023.345568
635.461351	37065.617164
635.652845	32346.036288
635.844324	28644.382262
636.035789	24251.880711
636.227239	21298.008821
636.418675	17548.133049
636.610096	15718.997318
636.801503	12614.872368
636.992895	11425.330955
637.184273	8732.579580
637.375636	7960.059853
637.566985	6316.635116
637.758320	5732.503319
637.949639	4589.166277
638.140945	4396.128126
638.332235	3396.996517
638.523512	3272.497834
638.714773	2782.160486
638.906021	3058.587678
639.097253	2502.916888
639.288472	2731.362583
639.479675	2332.086060
639.670864	2500.764541
639.862039	2160.257343
640.053199	2253.124088
640.244345	1950.396335
640.435476	2384.078912
640.626592	1919.070331
640.817694	2204.255378
641.008781	1789.466122
641.199854	1924.801224
641.390913	1977.024427
641.581956	1988.099295
641.772985	1785.317996
641.964000	2100.275074
642.155000	1973.544860
642.345986	2370.915584
642.536957	2318.040918
642.727913	2892.812886
642.918855	2905.836743
643.109782	3350.938816
643.300695	3198.880736
643.491593	3063.121823
643.682476	3180.525501
643.873345	3297.346101
644.064200	2952.875238
644.255039	3065.105005
644.445865	2702.341894
644.636675	3053.573034
644.827471	3066.838940
645.018252	3151.970014
645.209019	3301.269275
645.399771	3629.583141
645.590509	3196.584419
645.781232	3684.522872
645.971940	3230.996773
646.162634	3525.080046
646.353313	3040.249539
646.543978	3402.505157
646.734628	2961.445933
646.925263	3289.382778
647.115884	2970.048122
647.306490	3099.972663
647.497081	2823.247634
647.687658	3163.070076
647.878220	2998.043027
648.068767	3422.037344
648.259300	3211.825410
648.449818	3610.775301
648.640322	3414.158603
648.830811	3802.086716
649.021285	3429.496774
649.211745	3581.835595
649.402190	3475.948592
649.592620	3724.710209
649.783036	3285.643166
649.973437	3575.208491
650.163823	3632.791865
650.354195	3860.346748
650.544552	3608.692240
650.734894	3908.783548
650.925222	3903.525055
651.115535	4116.511106
651.305833	4003.920515
651.496116	4385.783004
651.686385	4285.619696
651.876640	4861.259981
652.066879	4845.432314
652.257104	5160.247222
652.447314	5278.341054
652.637510	5804.706815
652.827690	5929.252289
653.017856	6618.795989
653.208008	7130.242891
653.398144	7617.903302
653.588266	8166.874103
653.778373	8687.372199
653.968466	9510.582752
654.158544	10313.994774
654.348607	11435.526708
654.538655	12003.117288
654.728689	13967.802275
654.918708	14175.833069
655.108712	16640.370900
655.298701	16602.263025
655.488676	18278.480456
655.678636	17513.462450
655.868581	19070.836506
656.058511	18231.260200
656.248427	19320.955038
656.438328	18076.293932
656.628214	18397.304035
656.818086	16800.077370
657.007942	17400.333772
657.197784	15613.981332
657.387612	15746.645796
657.577424	14541.979468
657.767222	14025.641196
657.957005	12593.839297
658.146773	12592.603857
658.336526	11390.403010
658.526265	11140.399654
658.715988	9952.952100
658.905697	9663.864575
659.095392	8804.711990
659.285071	8249.151877
659.474736	7711.792231
659.664386	7461.500037
659.854021	7001.123680
660.043641	6464.123059
660.233246	6218.163452
660.422837	5848.962196
660.612413	5428.503234
660.801974	5050.111314
660.991520	4847.496479
661.181052	4397.461645
661.370568	4301.944059
661.560070	3873.877198
661.749557	3839.475643
661.939029	3388.991803
662.128487	3300.096822
662.317929	2998.808766
662.507357	2968.940455
662.696770	2539.416802
662.886168	2573.976724
663.075551	2284.379906
663.264919	2527.032710
663.454273	1911.382350
663.643612	2049.379991
663.832935	1759.817366
664.022244	1932.790642
664.211538	1563.601984
664.400818	1597.744394
664.590082	1435.386183
664.779332	1389.254697
664.968566	1282.572261
665.157786	1441.385219
665.346991	1182.796771
665.536181	1135.151804
665.725357	1067.165720
665.914517	1058.822677
666.103662	891.841239
666.292793	935.566632
666.481909	819.001577
666.671010	929.744858
666.860095	816.711560
667.049167	868.165425
667.238223	692.886834
667.427264	774.679610
667.616290	531.436531
667.805302	672.318065
667.994298	575.307693
668.183280	613.913164
668.372247	443.636620
668.561199	709.259786
668.750136	445.875348
668.939058	623.388169
669.127965	402.860806
669.316857	472.191207
669.505734	399.531507
669.694597	483.229183
669.883444	404.969962
670.072277	594.630224
670.261094	396.256197
670.449897	346.996970
670.638684	302.506738
670.827457	311.365373
671.016215	338.507257
671.204958	386.959354
671.393686	450.276322
671.582399	408.912932
671.771097	276.568800
671.959780	246.111114
672.148448	233.095354
672.337101	305.736158
672.525739	152.834055
672.714362	203.424102
672.902971	221.886415
673.091564	242.702631
673.280142	111.949365
673.468706	201.764852
673.657254	236.483141
673.845787	215.494161
674.034306	151.079425
674.222809	136.581678
674.411298	168.521352
674.599771	178.436364
674.788229	141.544133
674.976673	175.544373
675.165101	204.035074
675.353515	297.770135
675.541913	131.891865
675.730297	198.907053
675.918665	159.407171
676.107019	183.343031
676.295357	185.072467
676.483680	121.877874
676.671989	149.577641
676.860282	282.183618
677.048560	71.068273
677.236824	131.233204
677.425072	158.185228
677.613305	232.442092
677.801524	119.101059
677.989727	157.926083
678.177915	240.044591
678.366088	167.177035
678.554246	62.995173
678.742389	136.412513
678.930517	138.649442
679.118630	183.144173
679.306728	96.554506
679.494811	170.376761
679.682878	120.031463
679.870931	160.005545
680.058969	93.680512
680.246991	73.794699
680.434999	136.453005
680.622991	123.037730
680.810969	173.095089
680.998931	108.141366
681.186878	109.326417
681.374810	104.630306
681.562727	90.642751
681.750629	80.349819
681.938516	147.540470
682.126388	0.000000
682.314245	33.209645
682.502086	0.000000
682.689913	134.125195
682.877724	106.967114
683.065520	135.981504
683.253302	137.584067
683.441068	87.017415
683.628819	89.409111
683.816554	41.309739
684.004275	125.879331
684.191981	66.626808
684.379671	166.312317
684.567347	87.662579
684.755007	19.854657
684.942652	64.672420
685.130282	139.195627
685.317897	63.312806
685.505497	144.921122
685.693081	57.123909
685.880651	0.000000
686.068205	37.850868
686.255744	159.788691
686.443268	74.701708
686.630777	107.309942
686.818271	31.555793
687.005749	0.000000
687.193213	60.900414
687.380661	144.855435
687.568094	0.000000
687.755512	148.046164
687.942915	16.478568
688.130302	129.657636
688.317674	78.109290
688.505032	150.777088
688.692374	88.289747
688.879701	116.532100
689.067012	3.362030
689.254309	84.595125
689.441590	179.744689
689.628856	159.024752
689.816107	38.716486
690.003343	95.045524
690.190563	130.974058
690.377769	66.340669
690.564959	87.340447
690.752134	142.446643
690.939293	111.183626
691.126438	183.339432
691.313567	37.256993
691.500681	0.000000
691.687780	58.584302
691.874863	127.238045
692.061932	78.031007
692.248985	5.643950
692.436023	0.000000
692.623046	88.684763
692.810053	0.000000
692.997045	22.826732
693.184022	20.787761
693.370984	1.550712
693.557931	14.448596
693.744862	60.097783
693.931778	15.338508
694.118679	39.966322
694.305564	69.355034
694.492434	72.815705
694.679289	5.571965
694.866129	60.122978
695.052953	106.087999
695.239763	101.949770
695.426557	13.792634
695.613335	101.515162
695.800099	109.599059
695.986847	0.000000
696.173580	187.810590
696.360297	33.702741
696.546999	0.000000
696.733686	64.988253
696.920358	16.083551
697.107014	135.616181
697.293655	90.225239
697.480281	107.925412
697.666892	19.501032
697.853487	121.030252
698.040067	46.770690
698.226631	107.578085
698.413181	49.887633
698.599715	34.891391
698.786233	11.058110
698.972737	111.455369
699.159225	158.417380
699.345697	103.972544
699.532155	133.702284
699.718597	0.000000
699.905023	108.213351
700.091435	12.199069
700.277831	17.403573
700.464211	63.669131
700.650577	0.000000
700.836927	68.477719
701.023262	100.759321
701.209581	77.141094
701.395885	130.694217
701.582173	96.960321
701.768447	52.699541
701.954705	0.000000
702.140947	101.077854
702.327174	45.016059
702.513386	0.000000
702.699583	24.547169
702.885764	111.250212
703.071929	69.154376
703.258080	100.436289
703.444215	43.571863
703.630334	32.906409
703.816439	0.000000
704.002527	35.698521
704.188601	102.980953
704.374659	95.326265
704.560702	46.695105
704.746729	112.785289
704.932741	132.722390
705.118737	58.938827
705.304718	130.584440
705.490684	66.777077
705.676634	0.000000
705.862569	19.482136
706.048488	49.574499
706.234392	0.000000
706.420281	63.762711
706.606154	53.485076
706.792012	77.606296
706.977854	35.773205
707.163681	58.030019
707.349492	57.748378
707.535288	77.051113
707.721069	0.000000
707.906834	72.467478
708.092584	105.401443
708.278318	0.000000
708.464037	28.412755
708.649740	39.771063
708.835428	98.438710
709.021101	189.211595
709.206758	0.000000
709.392399	33.408503
709.578025	51.171663
709.763636	102.043351
709.949231	86.473029
710.134811	62.598357
710.320375	25.859993
710.505924	123.018834
710.691457	9.656205
710.876975	0.461041
711.062477	40.472916
711.247964	178.521846
711.433435	49.806650
711.618891	133.453036
711.804332	40.700568
711.989756	82.309606
712.175166	88.906117
712.360560	20.756268
712.545938	69.144478
712.731301	0.000000
712.916648	49.083203
713.101980	84.302686
713.287297	12.548196
713.472597	12.056000
713.657883	87.019214
713.843152	182.937216
714.028407	100.031374
714.213646	136.487198
714.398869	2.703369
714.584076	20.053515
714.769269	36.067443
714.954445	92.095045
715.139606	87.884832
715.324752	57.113112
715.509882	106.636883
715.694996	104.506132
715.880095	0.000000
716.065179	50.098189
716.250247	125.925222
716.435299	0.000000
716.620336	35.304404
716.805357	82.992562
716.990362	96.577002
717.175352	118.088772
717.360327	27.317686
717.545286	5.831110
717.730229	63.865290
717.915157	94.716193
718.100069	19.820465
718.284966	64.657123
718.469847	25.917581
718.654712	41.019101
718.839562	77.249072
719.024396	17.119233
719.209215	18.908057
719.394018	108.073881
719.578805	0.000000
719.763577	130.296501
719.948334	0.000000
720.133074	86.329959
720.317799	29.216286
720.502509	139.707619
720.687203	43.020279
720.871881	2.015014
721.056543	10.969028
721.241190	126.048496
721.425822	137.131462
721.610438	7.701816
721.795038	54.213922
721.979622	65.406665
722.164191	59.050404
722.348744	56.087328
722.533282	31.369533
722.717804	38.128909
722.902310	0.000000
723.086801	77.105102
723.271276	0.000000
723.455735	64.439369
723.640179	79.429312
723.824607	53.318611
724.009019	116.162277
724.193416	74.545141
724.377797	21.403231
724.562163	124.196686
724.746512	56.853966
724.930846	0.000000
725.115165	18.905357
725.299468	0.000000
725.483755	2.595392
725.668026	53.819805
725.852282	132.684598
726.036522	22.421817
726.220746	0.000000
726.404955	39.293264
726.589148	105.805458
726.773325	167.897783
726.957486	73.531954
727.141632	0.000000
727.325762	81.306317
727.509877	0.000000
727.693976	57.599909
727.878059	94.601917
728.062126	0.000000
728.246178	61.171257
728.430213	62.955581
728.614234	63.500867
728.798238	125.181078
728.982227	69.873325
729.166200	129.795307
729.350157	69.436017
729.534098	46.627620
729.718024	105.989020
729.901934	72.534964
730.085829	117.337430
730.269707	85.861158
730.453570	7.577643
730.637417	0.000000
730.821248	0.000000
731.005064	147.861702
731.188864	0.000000
731.372648	112.989546
731.556416	6.812804
731.740169	114.330263
731.923905	30.921427
732.107626	35.973863
732.291332	0.000000
732.475021	128.062272
732.658695	69.992100
732.842353	0.000000
733.025995	68.124993
733.209621	0.000000
733.393232	144.867133
733.576827	5.071670
733.760405	0.000000
733.943969	45.487560
734.127516	0.000000
734.311048	9.879358
734.494563	47.300678
734.678063	49.702272
734.861548	61.389011
735.045016	0.000000
735.228469	44.978267
735.411905	63.684428
735.595326	91.538063
735.778731	77.546009
735.962121	49.038212
736.145494	21.398732
736.328852	216.815982
736.512194	29.425042
736.695520	107.172271
736.878830	73.249414
737.062124	85.265484
737.245403	0.000000
737.428665	74.267999
737.611912	14.016687
737.795143	33.227641
737.978358	86.755570
738.161557	147.931888
738.344741	72.971372
738.527908	26.201021
738.711060	97.275255
738.894196	51.737644
739.077316	72.411690
739.260420	87.400734
739.443508	0.000000
739.626580	0.000000
739.809637	4.238446
739.992677	85.840462
740.175702	68.616289
740.358711	0.000000
740.541704	101.893082
740.724681	58.033618
740.907642	21.204373
741.090587	66.696994
741.273517	0.000000
741.456430	85.908848
741.639328	47.554424
741.822210	150.925557
742.005075	0.000000
742.187925	62.188943
742.370759	79.200761
742.553577	44.971968
742.736380	70.774935
742.919166	80.039384
743.101936	70.713748
743.284690	7.980758
743.467429	147.287623
743.650152	4.976290
743.832858	0.000000
744.015549	0.000000
744.198224	18.547233
744.380882	0.000000
744.563525	0.000000
744.746152	0.569918
744.928763	0.000000
745.111358	0.000000
745.293937	37.087828
745.476500	43.310018
745.659048	0.000000
745.841579	118.337119
746.024094	0.000000
746.206594	0.000000
746.389077	60.205760
746.571544	25.317407
746.753996	47.448247
746.936431	34.576457
747.118851	76.980928
747.301254	68.156486
747.483642	32.586976
747.666013	32.089381
747.848369	104.663599
748.030708	62.423793
748.213032	69.238958
748.395339	77.097004
748.577631	64.420473
748.759907	137.653352
748.942166	22.610777
749.124410	5.922891
749.306637	34.058166
749.488849	102.217914
749.671044	0.000000
749.853224	36.815186
750.035387	74.568536
750.217535	29.821859
750.399666	0.000000
750.581782	100.510073
750.763881	88.718956
750.945965	124.021223
751.128032	0.000000
751.310084	29.104710
751.492119	50.551693
751.674138	56.617316
751.856141	0.000000
752.038129	121.009557
752.220100	8.101332
752.402055	69.962406
752.583994	13.609972
752.765917	54.525257
752.947824	49.471021
753.129715	135.754752
753.311590	0.000000
753.493449	41.089286
753.675291	4.135867
753.857118	43.346910
754.038928	16.116844
754.220723	28.784377
754.402501	78.264058
754.584264	62.513774
754.766010	52.346815
754.947740	23.193854
755.129454	107.291945
755.311152	43.292922
755.492834	4.044986
755.674500	0.000000
755.856150	23.821022
756.037783	11.696075
756.219401	0.000000
756.401002	0.000000
756.582588	23.673453
756.764157	36.687413
756.945710	46.328883
757.127247	34.539565
757.308768	30.637987
757.490273	50.982703
757.671761	4.786430
757.853234	71.892500
758.034690	36.083640
758.216131	25.647638
758.397555	0.000000
758.578963	50.859429
758.760355	149.746805
758.941730	22.181567
759.123090	29.636498
759.304433	0.000000
759.485761	86.087910
759.667072	83.972456
759.848367	0.000000
760.029646	77.201382
760.210908	56.200704
760.392155	93.483453
760.573385	32.793033
760.754599	36.328388
760.935798	17.020254
761.116979	134.918828
761.298145	0.000000
761.479295	48.449736
761.660428	141.024042
761.841545	75.416158
762.022646	3.146976
762.203731	66.560222
762.384800	138.945480
762.565852	210.155585
762.746888	0.000000
762.927908	115.528811
763.108912	11.352348
763.289900	0.000000
763.470871	0.000000
763.651827	0.000000
763.832766	0.000000
764.013689	91.961873
764.194595	31.687166
764.375486	47.612012
764.556360	65.194310
764.737218	128.789319
764.918060	168.236112
765.098885	722.514895
765.279694	1550.868765
765.460488	2839.501812
765.641264	2821.092588
765.822025	3530.776747
766.002769	3114.684565
766.183498	2824.313910
766.364209	1971.758736
766.544905	1324.938040
766.725585	601.526372
766.906248	466.566491
767.086895	183.520294
767.267525	84.201008
767.448140	92.808595
767.628738	69.956107
767.809320	89.016794
767.989885	18.040639
768.170435	56.461649
768.350968	123.258183
768.531485	355.223937
768.711985	927.486333
768.892469	1230.107909
769.072937	1695.788648
769.253389	1507.323334
769.433824	1635.646213
769.614244	1041.594905
769.794646	630.753118
769.975033	417.478228
770.155403	188.821077
770.335757	159.136328
770.516095	73.147735
770.696416	14.453995
770.876721	0.000000
771.057010	117.504795
771.237282	19.293176
771.417539	49.199278
771.597778	57.284975
771.778002	27.911561
771.958209	137.723537
772.138400	58.731871
772.318574	13.884415
772.498733	3.770544
772.678875	136.207356
772.859000	0.000000
773.039109	12.421323
773.219202	54.741211
773.399279	53.080161
773.579339	0.000000
773.759383	54.601741
773.939410	53.540864
774.119421	4.398612
774.299416	8.824780
774.479395	0.000000
774.659357	132.183404
774.839302	12.209867
775.019232	29.838055
775.199145	41.614775
775.379041	73.395183
775.558922	31.059998
775.738786	42.528983
775.918633	386.933260
776.098464	454.518028
776.278279	1160.045962
776.458077	1447.014434
776.637859	2186.863840
776.817625	2170.292030
776.997374	2413.792455
777.177107	1661.626442
777.356823	1299.474302
777.536523	863.043703
777.716207	499.167526
777.895874	214.267719
778.075525	214.476475
778.255159	119.153248
778.434777	148.102852
778.614379	18.295286
778.793964	154.487007
778.973533	114.421144
779.153085	0.000000
779.332621	0.000000
779.512141	3.219860
779.691644	51.770937
779.871130	16.013366
780.050601	21.377137
780.230054	0.000000
780.409492	110.169539
780.588913	12.038903
780.768317	10.534420
780.947705	123.853858
781.127077	137.298827
781.306432	0.000000
781.485770	0.000000
781.665093	38.216191
781.844398	39.547910
782.023688	105.857647
782.202960	16.658530
782.382217	9.765082
782.561457	0.000000
782.740680	162.629393
782.919887	0.000000
783.099077	106.411931
783.278251	11.227274
783.457409	29.042623
783.636550	112.939156
783.815674	62.347309
783.994782	0.000000
784.173874	13.438109
784.352949	0.000000
784.532008	81.896593
784.711050	0.000000
784.890075	25.460477
785.069084	2.029411
785.248077	124.798659
785.427053	93.350281
785.606012	28.320975
785.784955	15.473480
785.963882	47.927846
786.142792	7.789098
786.321685	50.863928
786.500562	25.461377
786.679423	84.709401
786.858267	0.000000
787.037094	17.685214
787.215905	0.000000
787.394699	48.492027
787.573477	136.776037
787.752238	22.526195
787.930983	68.819647
788.109711	64.720110
788.288423	59.534502
788.467118	15.802811
788.645796	38.080319
788.824458	10.958231
789.003103	134.763161
789.181732	0.000000
789.360344	14.499885
789.538940	79.449108
789.717519	112.040245
789.896082	0.000000
790.074628	112.173417
790.253157	0.000000
790.431670	0.000000
790.610166	87.782254
790.788646	12.459115
790.967109	66.232691
791.145555	73.271009
791.323985	115.589098
791.502398	10.331963
791.680795	72.117452
791.859175	179.206602
792.037538	102.664220
792.215885	36.830483
792.394216	24.164750
792.572529	99.906301
792.750826	85.080123
792.929107	0.000000
793.107370	0.000000
793.285618	0.000000
793.463848	69.221862
793.642062	25.726821
793.820259	0.000000
793.998440	143.262771
794.176604	32.413313
794.354752	33.561471
794.532882	32.381819
794.710997	85.410353
794.889094	46.002251
795.067175	85.651502
795.245239	22.688161
795.423287	97.855632
795.601318	0.000000
795.779332	21.961114
795.957330	0.000000
796.135310	66.149909
796.313275	0.000000
796.491222	0.000000
796.669153	116.549196
796.847068	0.000000
797.024965	56.181808
797.202846	0.000000
797.380710	3.398023
797.558558	9.472644
797.736389	0.000000
797.914203	0.000000
798.092001	38.891949
798.269782	62.708134
798.447546	74.304892
798.625293	0.000000
798.803024	12.206268
798.980738	79.826129
799.158435	114.414845
799.336116	0.000000
799.513780	73.524756
799.691427	16.528958
799.869058	44.402388
800.046671	106.025912
800.224268	49.114696
800.401849	33.771127
800.579413	14.893102
800.756959	49.784155
800.934490	56.201604
801.112003	19.169902
801.289500	83.512653
801.466980	96.499618
801.644443	67.415042
801.821890	0.000000
801.999319	52.505182
802.176732	119.739924
802.354129	64.383581
802.531508	24.024379
802.708871	69.460312
802.886217	28.457746
803.063546	90.628354
803.240859	34.638544
803.418155	92.041957
803.595434	0.000000
803.772696	32.515891
803.949941	44.588649
804.127170	31.735756
804.304382	0.000000
804.481577	0.000000
804.658755	0.000000
804.835917	87.313452
805.013062	25.150942
805.190190	0.000000
805.367301	74.466857
805.544395	36.828683
805.721473	43.403599
805.898534	73.014563
806.075578	16.114145
806.252605	87.427728
806.429615	49.103898
806.606609	89.547682
806.783585	118.410004
806.960545	43.645648
807.137489	0.000000
807.314415	76.353760
807.491324	95.482832
807.668217	63.417184
807.845093	0.000000
808.021952	107.462909
808.198794	0.000000
808.375620	76.468036
808.552428	0.000000
808.729220	0.002138
808.905995	0.000000
809.082753	89.035690
809.259494	0.000000
809.436218	44.387091
809.612926	21.231367
809.789616	92.578244
809.966290	0.000000
810.142947	49.508813
810.319587	0.000000
810.496210	64.622030
810.672816	0.000000
810.849406	44.819900
811.025979	0.000000
811.202534	0.000000
811.379073	32.688655
811.555595	49.493516
811.732100	54.795200
811.908588	105.248476
812.085060	0.000000
812.261514	100.072765
812.437951	0.000000
812.614372	64.236012
812.790776	26.668023
812.967163	33.435498
813.143533	16.704421
813.319886	48.630598
813.496222	33.665849
813.672541	0.000000
813.848843	158.399383
814.025129	66.075224
814.201397	0.000000
814.377649	0.000000
814.553883	0.000000
814.730101	17.048148
814.906302	0.000000
815.082486	78.713063
815.258652	171.656292
815.434802	28.271485
815.610935	0.000000
815.787052	6.886588
815.963151	39.722474
816.139233	85.422051
816.315298	0.000000
816.491347	61.245941
816.667378	110.844397
816.843392	6.119050
817.019390	0.000000
817.195370	63.706023
817.371334	0.000000
817.547281	38.279178
817.723210	13.233852
817.899123	0.000000
818.075018	14.007689
818.250897	68.108796
818.426759	0.000000
818.602604	2.213872
818.778431	0.000000
818.954242	37.406361
819.130036	4.898007
819.305813	48.686386
819.481573	18.337577
819.657315	18.816276
819.833041	70.262943
820.008750	40.604288
820.184442	62.218637
820.360117	0.000000
820.535774	40.865233
820.711415	0.000000
820.887039	55.867774
821.062646	0.000000
821.238236	64.814590
821.413808	62.137654
821.589364	38.907245
821.764903	111.456268
821.940424	0.000000
822.115929	59.696468
822.291417	0.000000
822.466887	93.399771
822.642341	69.526898
822.817777	32.513192
822.993197	0.000000
823.168599	0.000000
823.343984	0.000000
823.519353	40.884129
823.694704	9.128016
823.870038	121.995749
824.045355	0.000000
824.220655	138.385798
824.395938	2.482915
824.571204	0.000000
824.746453	61.881208
824.921685	66.104918
825.096900	45.334592
825.272097	52.291027
825.447278	0.000000
825.622442	0.000000
825.797588	61.252240
825.972717	63.681728
826.147830	22.234656
826.322925	0.000000
826.498003	114.536320
826.673064	54.608939
826.848108	57.372257
827.023135	0.000000
827.198144	0.000000
827.373137	0.000000
827.548112	88.594782
827.723071	0.000000
827.898012	23.092176
828.072936	33.457993
828.247843	0.000000
828.422733	77.441631
828.597606	102.124333
828.772461	26.700416
828.947300	35.061455
829.122121	0.000000
829.296926	0.000000
829.471713	180.808265
829.646483	22.213961
829.821235	0.000000
829.995971	0.000000
830.170690	60.172467
830.345391	0.000000
830.520075	18.127921
830.694742	1.855747
830.869392	2.817645
831.044025	71.635154
831.218641	40.757256
831.393239	51.175262
831.567821	62.780118
831.742385	18.899059
831.916932	30.503015
832.091461	17.605131
832.265974	0.000000
832.440470	0.000000
832.614948	13.837624
832.789409	0.000000
832.963853	45.602735
833.138279	86.498224
833.312689	48.431740
833.487081	21.286256
833.661456	126.430015
833.835814	96.923429
834.010155	29.424142
834.184479	117.861120
834.358785	121.432468
834.533074	0.000000
834.707346	0.000000
834.881601	27.774790
835.055838	77.524414
835.230058	0.000000
835.404261	0.000000
835.578447	23.778731
835.752616	0.000000
835.926767	40.327146
836.100901	69.083291
836.275018	0.000000
836.449118	0.000000
836.623200	6.281915
836.797265	21.146785
836.971313	80.645856
837.145344	43.148952
837.319357	0.000000
837.493353	0.000000
837.667332	0.000000
837.841294	25.082557
838.015238	91.111552
838.189166	44.620142
838.363075	92.527854
838.536968	25.991365
838.710843	132.483941
838.884701	49.695974
839.058542	0.000000
839.232366	48.115906
839.406172	0.000000
839.579961	0.000000
839.753733	80.230144
839.927487	59.016211
840.101224	30.781956
840.274944	73.160333
840.448647	5.281326
840.622332	2.888730
840.796000	64.686817
840.969650	0.000000
841.143284	32.258545
841.316900	33.538076
841.490498	48.342659
841.664080	61.522183
841.837644	0.000000
842.011191	133.820159
842.184720	23.711245
842.358232	0.000000
842.531727	92.846387
842.705204	5.448691
842.878665	147.685339
843.052107	43.983976
843.225533	94.889857
843.398941	0.000000
843.572332	5.152653
843.745705	31.383930
843.919061	28.292181
844.092400	0.000000
844.265722	0.000000
844.439026	94.648708
844.612312	90.774124
844.785582	65.621720
844.958834	17.857978
845.132068	66.456744
845.305286	59.503908
845.478485	64.165827
845.651668	74.802487
845.824833	112.147323
845.997981	0.000000
846.171111	51.778135
846.344224	13.665761
846.517320	13.818728
846.690398	0.000000
846.863459	90.666146
847.036503	16.336398
847.209529	176.412690
847.382537	3.620276
847.555529	0.000000
847.728503	109.000685
847.901459	0.000000
848.074398	0.000000
848.247320	34.318212
848.420224	27.483251
848.593111	55.548341
848.765981	23.518686
848.938833	45.689117
849.111667	0.000000
849.284484	0.000000
849.457284	14.909299
849.630067	87.579796
849.802831	0.000000
849.975579	13.628868
850.148309	51.109576
850.321022	9.256689
850.493717	36.795390
850.666394	125.597691
850.839055	66.400956
851.011698	54.932871
851.184323	34.882393
851.356931	41.588681
851.529521	152.564112
851.702094	59.392332
851.874650	34.903988
852.047188	0.000000
852.219709	0.000000
852.392212	51.714249
852.564697	0.000000
852.737166	35.398884
852.909616	6.350301
853.082050	30.572301
853.254466	0.594213
853.426864	51.140169
853.599245	113.700396
853.771608	3.867724
853.943954	21.833341
854.116282	39.486723
854.288593	0.000000
854.460886	127.938998
854.633162	85.002739
854.805421	43.398200
854.977661	69.373930
855.149885	5.644850
855.322091	0.000000
855.494279	33.000889
855.666450	12.800143
855.838603	35.605841
856.010739	0.000000
856.182857	70.969294
856.354958	64.791195
856.527041	0.000000
856.699106	0.000000
856.871155	0.000000
857.043185	0.000000
857.215198	34.966075
857.387194	63.049162
857.559172	75.924550
857.731132	64.977456
857.903075	17.048148
858.075000	0.000000
858.246908	88.314941
858.418798	27.574132
858.590671	108.396013
858.762526	54.725914
858.934363	53.691132
859.106183	38.963034
859.277986	26.408877
859.449771	15.157646
859.621538	69.199367
859.793288	116.935215
859.965020	112.702506
860.136734	57.268779
860.308431	0.000000
860.480110	125.017313
860.651772	0.000000
860.823416	0.000000
860.995043	30.431930
861.166652	59.762154
861.338243	44.220627
861.509817	0.000000
861.681373	62.107960
861.852912	30.417533
862.024433	124.693381
862.195936	65.031444
862.367422	12.027206
862.538890	24.305120
862.710340	41.424915
862.881773	2.482915
863.053188	17.854379
863.224586	66.967837
863.395966	0.000000
863.567328	105.493224
863.738673	14.446796
863.910000	0.000000
864.081310	0.000000
864.252602	0.000000
864.423876	0.000000
864.595132	34.983172
864.766371	10.108810
864.937592	35.146937
865.108796	56.883660
865.279982	93.085737
865.451150	45.979756
865.622301	77.803355
865.793434	37.044638
865.964549	5.858105
866.135646	82.378891
866.306726	38.412350
866.477789	0.000000
866.648833	118.073475
866.819860	55.641022
866.990869	24.185445
867.161861	53.467979
867.332835	26.585240
867.503791	26.680620
867.674729	27.292491
867.845650	35.336797
868.016553	55.831781
868.187438	0.000000
868.358306	0.000000
868.529156	89.286737
868.699988	0.000000
868.870803	74.234706
869.041600	0.000000
869.212379	66.544026
869.383140	32.062387
869.553884	96.373644
869.724610	15.292618
869.895318	88.421119
870.066008	0.000000
870.236681	0.000000
870.407336	33.351815
870.577974	26.480862
870.748593	39.435434
870.919195	55.954156
871.089779	63.311906
871.260345	54.786202
871.430894	54.198625
871.601425	21.522006
871.771938	0.000000
871.942433	0.000000
872.112911	9.770481
872.283371	36.446264
872.453813	10.051222
872.624237	102.714609
872.794643	51.805129
872.965032	0.000000
873.135403	0.000000
873.305756	0.000000
873.476092	0.000000
873.646410	7.624433
873.816709	14.506184
873.986991	114.784668
874.157256	42.542480
874.327502	71.885301
874.497731	23.521385
874.667942	0.000000
874.838135	0.000000
875.008310	0.000000
875.178468	14.597964
875.348608	3.607679
875.518730	0.000000
875.688834	55.604129
875.858920	22.145575
876.028988	6.799306
876.199039	0.000000
876.369072	11.187682
876.539087	26.261308
876.709084	37.488244
876.879063	0.000000
877.049025	108.454500
877.218969	0.000000
877.388894	67.938732
877.558802	134.907130
877.728693	78.912821
877.898565	87.724666
878.068419	0.000000
878.238256	66.893152
878.408075	0.000000
878.577876	18.914355
878.747659	0.000000
878.917424	42.385913
879.087172	13.996891
879.256901	63.353298
879.426613	21.922422
879.596306	134.809051
879.765982	0.000000
879.935640	22.618875
880.105281	52.268532
880.274903	0.000000
880.444507	75.538532
880.614094	21.190876
880.783662	136.763439
880.953213	0.000000
881.122746	25.699827
881.292261	16.111446
881.461758	69.888621
881.631237	33.758530
881.800698	0.000000
881.970142	0.000000
882.139567	154.587786
882.308975	0.000000
882.478364	0.000000
882.647736	21.620985
882.817090	22.025900
882.986426	58.549209
883.155744	0.000000
883.325044	0.000000
883.494326	1.484126
883.663590	0.000000
883.832836	0.000000
884.002064	32.686855
884.171275	0.000000
884.340467	117.393218
884.509642	166.324015
884.678798	73.016363
884.847937	57.723183
885.017058	128.035277
885.186160	127.681652
885.355245	11.390140
885.524312	0.000000
885.693361	76.254781
885.862392	58.288264
886.031405	0.000000
886.200399	0.000000
886.369376	4.624464
886.538335	0.000000
886.707276	0.000000
886.876200	31.125684
887.045105	0.000000
887.213992	58.577103
887.382861	0.000000
887.551712	23.701347
887.720545	0.000000
887.889360	0.000000
888.058157	7.250112
888.226937	32.579778
888.395698	38.470837
888.564441	0.000000
888.733166	8.113030
888.901873	8.541340
889.070562	14.087772
889.239233	48.651294
889.407887	31.999400
889.576522	40.804946
889.745139	64.023657
889.913738	41.444711
890.082319	58.349451
890.250882	46.769790
890.419427	40.175078
890.587954	59.592090
890.756463	0.000000
890.924953	0.000000
891.093426	1.245676
891.261881	30.519212
891.430318	48.949131
891.598737	81.440389
891.767137	7.550648
891.935520	66.152608
